GOVERNO DO ESTADO DO ACRE;;;;;;;;;;;;;;;;;;;;;
;;;;;;;;;;;;;;;;;;;;;
SECRETARIA DE ESTADO DE PEQUENOS NEGÓCIOS;;;;;;;;;;;;;;;;;;;;;
SISTEMA GERAL DE CONTROLE DE NEGÓCIOS - SGCN;;;;;;;;;;;;;;;;;;;;;
 TOTAL INVESTIDO POR FAIXA ETÁRIA E POR RAMO DE ATIVIDADE - 2011/2012;;;;;;;;;;;;;;;;;;;;;
;;;;;;;;;;;;;;;;;;;;;
;;;;;;;;;;;;;;Quinta-feira 01 Outubro ;;;;;;;
;;;ACRELÂNDIA;;;;;;;;;;;;;;;;;;
De 18 a 29;;;;;;;;;;;;;;;;;;;;;
;;;;;Faixa Etária;;;;Total Investido;;;;Ramo de Atividade;;;;;;;;
;;;;;de 18 a 29;;7;;;R$;6.675,93;;;;;;;;;;
;;;;;;;;;;;;;APICULTURA;;;;;;;;
;;;;;de 18 a 29;;6;;;R$;13.177,80;;;;;;;;;;
;;;;;;;;;;;;;CAFÉ;;;;;;;;
;;;;;de 18 a 29;;7;;;R$;9.760,80;;;;;;;;;;
;;;;;;;;;;;;;CORTE E COSTURA;;;;;;;;
;;;;;de 18 a 29;;9;;;R$;2.869,09;;;;;;;;;;
;;;;;;;;;;;;;PEDREIRO;;;;;;;;
;;;;;Total;;29;;;R$;32.483,62;;;;;;;;;;
;;;;;;;;;;;;;;;;;;;;;
;;;;;;;29;;;;R$ 32.483,62;;;;;;;;;;
;;;;;;;;;;;;;;;;;;;;;
;;Quinta-feira 01 Outubro 2015;;;;;;;;;;;;;Page 1 of;;;; 51;;
;;;ACRELÂNDIA;;;;;;;;;;;;;;;;;;
De 30 a...;;;;;;;;;;;;;;;;;;;;;
;;;;;Faixa Etária;;;;Total Investido;;;;Ramo de Atividade;;;;;;;;
;;;;;de 30 a 80;;7;;;R$;14.877,80;;;;;;;;;;
;;;;;;;;;;;;;AGRICULTURA;;;;;;;;
;;;;;de 30 a 80;;3;;;R$;808,00;;;;;;;;;;
;;;;;;;;;;;;;AMBULANTE;;;;;;;;
;;;;;de 30 a 80;;8;;;R$;8.479,50;;;;;;;;;;
;;;;;;;;;;;;;APICULTURA;;;;;;;;
;;;;;de 30 a 80;;1;;;R$;819,00;;;;;;;;;;
;;;;;;;;;;;;;ARTESANATO ;;;;;;;;
;;;;;de 30 a 80;;24;;;R$;40.800,00;;;;;;;;;;
;;;;;;;;;;;;;CAFÉ;;;;;;;;
;;;;;de 30 a 80;;26;;;R$;35.940,00;;;;;;;;;;
;;;;;;;;;;;;;CORTE E COSTURA;;;;;;;;
;;;;;de 30 a 80;;1;;;R$;1.700,00;;;;;;;;;;
;;;;;;;;;;;;;DOCES E SALGADOS;;;;;;;;
;;;;;de 30 a 80;;1;;;R$;1.700,00;;;;;;;;;;
;;;;;;;;;;;;;MANUTENÇÃO DE COMPUTADOR;;;;;;;;
;;;;;de 30 a 80;;15;;;R$;6.679,12;;;;;;;;;;
;;;;;;;;;;;;;PEDREIRO;;;;;;;;
;;;;;Total;;86;;;R$;111.803,42;;;;;;;;;;
;;;;;;;;;;;;;;;;;;;;;
;;;;;;;115;;;;R$ 144.287,04;;;;;;;;;;
;;;;;;;;;;;;;;;;;;;;;
;;Quinta-feira 01 Outubro 2015;;;;;;;;;;;;;Page 2 of;;;; 51;;
;;;ASSIS BRASIL;;;;;;;;;;;;;;;;;;
De 18 a 29;;;;;;;;;;;;;;;;;;;;;
;;;;;Faixa Etária;;;;Total Investido;;;;Ramo de Atividade;;;;;;;;
;;;;;de 18 a 29;;1;;;R$;262,49;;;;;;;;;;
;;;;;;;;;;;;;ENCANADOR;;;;;;;;
;;;;;de 18 a 29;;3;;;R$;298,50;;;;;;;;;;
;;;;;;;;;;;;;MELIPONICULTURA;;;;;;;;
;;;;;de 18 a 29;;3;;;R$;3.034,89;;;;;;;;;;
;;;;;;;;;;;;;ROÇADOR;;;;;;;;
;;;;;Total;;7;;;R$;3.595,88;;;;;;;;;;
;;;;;;;;;;;;;;;;;;;;;
;;;;;;;122;;;;R$ 147.882,92;;;;;;;;;;
;;;;;;;;;;;;;;;;;;;;;
;;Quinta-feira 01 Outubro 2015;;;;;;;;;;;;;Page 3 of;;;; 51;;
;;;ASSIS BRASIL;;;;;;;;;;;;;;;;;;
De 30 a...;;;;;;;;;;;;;;;;;;;;;
;;;;;Faixa Etária;;;;Total Investido;;;;Ramo de Atividade;;;;;;;;
;;;;;de 30 a 80;;4;;;R$;5.100,00;;;;;;;;;;
;;;;;;;;;;;;;AMBULANTE;;;;;;;;
;;;;;de 30 a 80;;1;;;R$;1.700,00;;;;;;;;;;
;;;;;;;;;;;;;CAFÉ;;;;;;;;
;;;;;de 30 a 80;;6;;;R$;4.720,00;;;;;;;;;;
;;;;;;;;;;;;;CORTE E COSTURA;;;;;;;;
;;;;;de 30 a 80;;25;;;R$;3.184,00;;;;;;;;;;
;;;;;;;;;;;;;MELIPONICULTURA;;;;;;;;
;;;;;de 30 a 80;;2;;;R$;800,00;;;;;;;;;;
;;;;;;;;;;;;;RECICLAGEM;;;;;;;;
;;;;;de 30 a 80;;12;;;R$;12.139,56;;;;;;;;;;
;;;;;;;;;;;;;ROÇADOR;;;;;;;;
;;;;;Total;;50;;;R$;27.643,56;;;;;;;;;;
;;;;;;;;;;;;;;;;;;;;;
;;;;;;;172;;;;R$ 175.526,48;;;;;;;;;;
;;;;;;;;;;;;;;;;;;;;;
;;Quinta-feira 01 Outubro 2015;;;;;;;;;;;;;Page 4 of;;;; 51;;
;;;BRASILÉIA;;;;;;;;;;;;;;;;;;
De 18 a 29;;;;;;;;;;;;;;;;;;;;;
;;;;;Faixa Etária;;;;Total Investido;;;;Ramo de Atividade;;;;;;;;
;;;;;de 18 a 29;;6;;;R$;6.136,00;;;;;;;;;;
;;;;;;;;;;;;;CABELEIREIRO;;;;;;;;
;;;;;de 18 a 29;;9;;;R$;15.300,00;;;;;;;;;;
;;;;;;;;;;;;;CAFÉ;;;;;;;;
;;;;;de 18 a 29;;2;;;R$;1.340,30;;;;;;;;;;
;;;;;;;;;;;;;CORTE E COSTURA;;;;;;;;
;;;;;de 18 a 29;;2;;;R$;340,00;;;;;;;;;;
;;;;;;;;;;;;;HORTAS;;;;;;;;
;;;;;de 18 a 29;;12;;;R$;2.388,00;;;;;;;;;;
;;;;;;;;;;;;;MELIPONICULTURA;;;;;;;;
;;;;;Total;;31;;;R$;25.504,30;;;;;;;;;;
;;;;;;;;;;;;;;;;;;;;;
;;;;;;;203;;;;R$ 201.030,78;;;;;;;;;;
;;;;;;;;;;;;;;;;;;;;;
;;Quinta-feira 01 Outubro 2015;;;;;;;;;;;;;Page 5 of;;;; 51;;
;;;BRASILÉIA;;;;;;;;;;;;;;;;;;
De 30 a...;;;;;;;;;;;;;;;;;;;;;
;;;;;Faixa Etária;;;;Total Investido;;;;Ramo de Atividade;;;;;;;;
;;;;;de 30 a 80;;1;;;R$;170,00;;;;;;;;;;
;;;;;;;;;;;;;AGRICULTURA;;;;;;;;
;;;;;de 30 a 80;;3;;;R$;3.825,00;;;;;;;;;;
;;;;;;;;;;;;;AMBULANTE;;;;;;;;
;;;;;de 30 a 80;;17;;;R$;17.006,00;;;;;;;;;;
;;;;;;;;;;;;;CABELEIREIRO;;;;;;;;
;;;;;de 30 a 80;;36;;;R$;61.200,00;;;;;;;;;;
;;;;;;;;;;;;;CAFÉ;;;;;;;;
;;;;;de 30 a 80;;18;;;R$;8.270,00;;;;;;;;;;
;;;;;;;;;;;;;CORTE E COSTURA;;;;;;;;
;;;;;de 30 a 80;;1;;;R$;420,00;;;;;;;;;;
;;;;;;;;;;;;;DOCES E SALGADOS;;;;;;;;
;;;;;de 30 a 80;;9;;;R$;1.640,00;;;;;;;;;;
;;;;;;;;;;;;;HORTAS;;;;;;;;
;;;;;de 30 a 80;;64;;;R$;16.417,50;;;;;;;;;;
;;;;;;;;;;;;;MELIPONICULTURA;;;;;;;;
;;;;;de 30 a 80;;1;;;R$;867,09;;;;;;;;;;
;;;;;;;;;;;;;SALÃO;;;;;;;;
;;;;;Total;;150;;;R$;109.815,59;;;;;;;;;;
;;;;;;;;;;;;;;;;;;;;;
;;;;;;;353;;;;R$ 310.846,37;;;;;;;;;;
;;;;;;;;;;;;;;;;;;;;;
;;Quinta-feira 01 Outubro 2015;;;;;;;;;;;;;Page 6 of;;;; 51;;
;;;BUJARI;;;;;;;;;;;;;;;;;;
De 18 a 29;;;;;;;;;;;;;;;;;;;;;
;;;;;Faixa Etária;;;;Total Investido;;;;Ramo de Atividade;;;;;;;;
;;;;;de 18 a 29;;1;;;R$;895,50;;;;;;;;;;
;;;;;;;;;;;;;MELIPONICULTURA;;;;;;;;
;;;;;de 18 a 29;;5;;;R$;2.289,35;;;;;;;;;;
;;;;;;;;;;;;;PEDREIRO;;;;;;;;
;;;;;de 18 a 29;;1;;;R$;562,65;;;;;;;;;;
;;;;;;;;;;;;;PINTURA PREDIAL;;;;;;;;
;;;;;de 18 a 29;;4;;;R$;3.906,12;;;;;;;;;;
;;;;;;;;;;;;;ROÇADOR;;;;;;;;
;;;;;Total;;11;;;R$;7.653,62;;;;;;;;;;
;;;;;;;;;;;;;;;;;;;;;
;;;;;;;364;;;;R$ 318.499,99;;;;;;;;;;
;;;;;;;;;;;;;;;;;;;;;
;;Quinta-feira 01 Outubro 2015;;;;;;;;;;;;;Page 7 of;;;; 51;;
;;;BUJARI;;;;;;;;;;;;;;;;;;
De 30 a...;;;;;;;;;;;;;;;;;;;;;
;;;;;Faixa Etária;;;;Total Investido;;;;Ramo de Atividade;;;;;;;;
;;;;;de 30 a 80;;4;;;R$;5.100,00;;;;;;;;;;
;;;;;;;;;;;;;AMBULANTE;;;;;;;;
;;;;;de 30 a 80;;5;;;R$;3.953,48;;;;;;;;;;
;;;;;;;;;;;;;CORTE E COSTURA;;;;;;;;
;;;;;de 30 a 80;;1;;;R$;314,96;;;;;;;;;;
;;;;;;;;;;;;;MANICURE;;;;;;;;
;;;;;de 30 a 80;;11;;;R$;3.659,48;;;;;;;;;;
;;;;;;;;;;;;;PEDREIRO;;;;;;;;
;;;;;de 30 a 80;;11;;;R$;10.708,64;;;;;;;;;;
;;;;;;;;;;;;;ROÇADOR;;;;;;;;
;;;;;Total;;32;;;R$;23.736,56;;;;;;;;;;
;;;;;;;;;;;;;;;;;;;;;
;;;;;;;396;;;;R$ 342.236,55;;;;;;;;;;
;;;;;;;;;;;;;;;;;;;;;
;;Quinta-feira 01 Outubro 2015;;;;;;;;;;;;;Page 8 of;;;; 51;;
;;;CAMPINAS;;;;;;;;;;;;;;;;;;
De 18 a 29;;;;;;;;;;;;;;;;;;;;;
;;;;;Faixa Etária;;;;Total Investido;;;;Ramo de Atividade;;;;;;;;
;;;;;de 18 a 29;;2;;;R$;2.464,60;;;;;;;;;;
;;;;;;;;;;;;;CORTE E COSTURA;;;;;;;;
;;;;;Total;;2;;;R$;2.464,60;;;;;;;;;;
;;;;;;;;;;;;;;;;;;;;;
;;;;;;;398;;;;R$ 344.701,15;;;;;;;;;;
;;;;;;;;;;;;;;;;;;;;;
;;Quinta-feira 01 Outubro 2015;;;;;;;;;;;;;Page 9 of;;;; 51;;
;;;CAMPINAS;;;;;;;;;;;;;;;;;;
De 30 a...;;;;;;;;;;;;;;;;;;;;;
;;;;;Faixa Etária;;;;Total Investido;;;;Ramo de Atividade;;;;;;;;
;;;;;de 30 a 80;;12;;;R$;11.364,60;;;;;;;;;;
;;;;;;;;;;;;;CORTE E COSTURA;;;;;;;;
;;;;;Total;;12;;;R$;11.364,60;;;;;;;;;;
;;;;;;;;;;;;;;;;;;;;;
;;;;;;;410;;;;R$ 356.065,75;;;;;;;;;;
;;;;;;;;;;;;;;;;;;;;;
;;Quinta-feira 01 Outubro 2015;;;;;;;;;;;;;Page 10 of;;;; 51;;
;;;CAPIXABA;;;;;;;;;;;;;;;;;;
De 18 a 29;;;;;;;;;;;;;;;;;;;;;
;;;;;Faixa Etária;;;;Total Investido;;;;Ramo de Atividade;;;;;;;;
;;;;;de 18 a 29;;2;;;R$;2.949,50;;;;;;;;;;
;;;;;;;;;;;;;AGRICULTURA;;;;;;;;
;;;;;de 18 a 29;;1;;;R$;2.920,80;;;;;;;;;;
;;;;;;;;;;;;;CORTE E COSTURA;;;;;;;;
;;;;;Total;;3;;;R$;5.870,30;;;;;;;;;;
;;;;;;;;;;;;;;;;;;;;;
;;;;;;;413;;;;R$ 361.936,05;;;;;;;;;;
;;;;;;;;;;;;;;;;;;;;;
;;Quinta-feira 01 Outubro 2015;;;;;;;;;;;;;Page 11 of;;;; 51;;
;;;CAPIXABA;;;;;;;;;;;;;;;;;;
De 30 a...;;;;;;;;;;;;;;;;;;;;;
;;;;;Faixa Etária;;;;Total Investido;;;;Ramo de Atividade;;;;;;;;
;;;;;de 30 a 80;;4;;;R$;6.391,18;;;;;;;;;;
;;;;;;;;;;;;;AGRICULTURA;;;;;;;;
;;;;;de 30 a 80;;2;;;R$;2.550,00;;;;;;;;;;
;;;;;;;;;;;;;AMBULANTE;;;;;;;;
;;;;;de 30 a 80;;14;;;R$;30.254,68;;;;;;;;;;
;;;;;;;;;;;;;APICULTURA;;;;;;;;
;;;;;de 30 a 80;;3;;;R$;9.320,95;;;;;;;;;;
;;;;;;;;;;;;;CAFÉ;;;;;;;;
;;;;;de 30 a 80;;27;;;R$;31.023,60;;;;;;;;;;
;;;;;;;;;;;;;CORTE E COSTURA;;;;;;;;
;;;;;de 30 a 80;;1;;;R$;4.536,95;;;;;;;;;;
;;;;;;;;;;;;;HORTAS;;;;;;;;
;;;;;de 30 a 80;;14;;;R$;12.039,50;;;;;;;;;;
;;;;;;;;;;;;;MELIPONICULTURA;;;;;;;;
;;;;;de 30 a 80;;1;;;R$;695,00;;;;;;;;;;
;;;;;;;;;;;;;SALÃO;;;;;;;;
;;;;;Total;;66;;;R$;96.811,86;;;;;;;;;;
;;;;;;;;;;;;;;;;;;;;;
;;;;;;;479;;;;R$ 458.747,91;;;;;;;;;;
;;;;;;;;;;;;;;;;;;;;;
;;Quinta-feira 01 Outubro 2015;;;;;;;;;;;;;Page 12 of;;;; 51;;
;;;CRUZEIRO DO SUL;;;;;;;;;;;;;;;;;;
De 18 a 29;;;;;;;;;;;;;;;;;;;;;
;;;;;Faixa Etária;;;;Total Investido;;;;Ramo de Atividade;;;;;;;;
;;;;;de 18 a 29;;2;;;R$;2.550,00;;;;;;;;;;
;;;;;;;;;;;;;AMBULANTE;;;;;;;;
;;;;;de 18 a 29;;11;;;R$;14.242,00;;;;;;;;;;
;;;;;;;;;;;;;CABELEIREIRO;;;;;;;;
;;;;;de 18 a 29;;18;;;R$;13.243,80;;;;;;;;;;
;;;;;;;;;;;;;CORTE E COSTURA;;;;;;;;
;;;;;de 18 a 29;;7;;;R$;4.077,00;;;;;;;;;;
;;;;;;;;;;;;;DOCES E SALGADOS;;;;;;;;
;;;;;de 18 a 29;;5;;;R$;16.403,79;;;;;;;;;;
;;;;;;;;;;;;;HORTAS;;;;;;;;
;;;;;de 18 a 29;;1;;;R$;467,50;;;;;;;;;;
;;;;;;;;;;;;;LANCHE;;;;;;;;
;;;;;de 18 a 29;;3;;;R$;1.402,50;;;;;;;;;;
;;;;;;;;;;;;;MANICURE;;;;;;;;
;;;;;de 18 a 29;;94;;;R$;11.370,50;;;;;;;;;;
;;;;;;;;;;;;;MELIPONICULTURA;;;;;;;;
;;;;;de 18 a 29;;3;;;R$;411,45;;;;;;;;;;
;;;;;;;;;;;;;PINTURA PREDIAL;;;;;;;;
;;;;;Total;;144;;;R$;64.168,54;;;;;;;;;;
;;;;;;;;;;;;;;;;;;;;;
;;;;;;;623;;;;R$ 522.916,45;;;;;;;;;;
;;;;;;;;;;;;;;;;;;;;;
;;Quinta-feira 01 Outubro 2015;;;;;;;;;;;;;Page 13 of;;;; 51;;
;;;CRUZEIRO DO SUL;;;;;;;;;;;;;;;;;;
De 30 a...;;;;;;;;;;;;;;;;;;;;;
;;;;;Faixa Etária;;;;Total Investido;;;;Ramo de Atividade;;;;;;;;
;;;;;de 30 a 80;;12;;;R$;14.922,00;;;;;;;;;;
;;;;;;;;;;;;;AMBULANTE;;;;;;;;
;;;;;de 30 a 80;;2;;;R$;1.200,00;;;;;;;;;;
;;;;;;;;;;;;;AVICULTURA;;;;;;;;
;;;;;de 30 a 80;;27;;;R$;34.024,05;;;;;;;;;;
;;;;;;;;;;;;;CABELEIREIRO;;;;;;;;
;;;;;de 30 a 80;;58;;;R$;48.013,20;;;;;;;;;;
;;;;;;;;;;;;;CORTE E COSTURA;;;;;;;;
;;;;;de 30 a 80;;49;;;R$;42.842,00;;;;;;;;;;
;;;;;;;;;;;;;DOCES E SALGADOS;;;;;;;;
;;;;;de 30 a 80;;14;;;R$;16.046,80;;;;;;;;;;
;;;;;;;;;;;;;HORTAS;;;;;;;;
;;;;;de 30 a 80;;1;;;R$;1.214,00;;;;;;;;;;
;;;;;;;;;;;;;LANCHE;;;;;;;;
;;;;;de 30 a 80;;6;;;R$;3.348,80;;;;;;;;;;
;;;;;;;;;;;;;MANICURE;;;;;;;;
;;;;;de 30 a 80;;91;;;R$;15.266,00;;;;;;;;;;
;;;;;;;;;;;;;MELIPONICULTURA;;;;;;;;
;;;;;de 30 a 80;;1;;;R$;1.214,00;;;;;;;;;;
;;;;;;;;;;;;;PADEIRO E CONFEITEIRO;;;;;;;;
;;;;;de 30 a 80;;8;;;R$;1.097,20;;;;;;;;;;
;;;;;;;;;;;;;PINTURA PREDIAL;;;;;;;;
;;;;;de 30 a 80;;1;;;R$;1.081,58;;;;;;;;;;
;;;;;;;;;;;;;ROÇADOR;;;;;;;;
;;;;;de 30 a 80;;1;;;R$;1.055,00;;;;;;;;;;
;;;;;;;;;;;;;SALÃO;;;;;;;;
;;;;;Total;;271;;;R$;181.324,63;;;;;;;;;;
;;;;;;;;;;;;;;;;;;;;;
;;;;;;;894;;;;R$ 704.241,08;;;;;;;;;;
;;;;;;;;;;;;;;;;;;;;;
;;Quinta-feira 01 Outubro 2015;;;;;;;;;;;;;Page 14 of;;;; 51;;
;;;CRUZEIRO DO SUL;;;;;;;;;;;;;;;;;;
De 30 a...;;;;;;;;;;;;;;;;;;;;;
;;;;;Faixa Etária;;;;Total Investido;;;;Ramo de Atividade;;;;;;;;
;;;;;de 91 ...;;1;;;R$;0,00;;;;;;;;;;
;;;;;;;;;;;;;HORTAS;;;;;;;;
;;;;;de 91 ...;;1;;;R$;99,50;;;;;;;;;;
;;;;;;;;;;;;;MELIPONICULTURA;;;;;;;;
;;;;;Total;;2;;;R$;99,50;;;;;;;;;;
;;;;;;;;;;;;;;;;;;;;;
;;;;;;;896;;;;R$ 704.340,58;;;;;;;;;;
;;;;;;;;;;;;;;;;;;;;;
;;Quinta-feira 01 Outubro 2015;;;;;;;;;;;;;Page 15 of;;;; 51;;
;;;EPITACIOLÂNDIA;;;;;;;;;;;;;;;;;;
De 18 a 29;;;;;;;;;;;;;;;;;;;;;
;;;;;Faixa Etária;;;;Total Investido;;;;Ramo de Atividade;;;;;;;;
;;;;;de 18 a 29;;4;;;R$;4.374,00;;;;;;;;;;
;;;;;;;;;;;;;CABELEIREIRO;;;;;;;;
;;;;;de 18 a 29;;3;;;R$;3.652,60;;;;;;;;;;
;;;;;;;;;;;;;CORTE E COSTURA;;;;;;;;
;;;;;de 18 a 29;;1;;;R$;4.004,40;;;;;;;;;;
;;;;;;;;;;;;;MELIPONICULTURA;;;;;;;;
;;;;;Total;;8;;;R$;12.031,00;;;;;;;;;;
;;;;;;;;;;;;;;;;;;;;;
;;;;;;;904;;;;R$ 716.371,58;;;;;;;;;;
;;;;;;;;;;;;;;;;;;;;;
;;Quinta-feira 01 Outubro 2015;;;;;;;;;;;;;Page 16 of;;;; 51;;
;;;EPITACIOLÂNDIA;;;;;;;;;;;;;;;;;;
De 30 a...;;;;;;;;;;;;;;;;;;;;;
;;;;;Faixa Etária;;;;Total Investido;;;;Ramo de Atividade;;;;;;;;
;;;;;de 30 a 80;;5;;;R$;6.375,00;;;;;;;;;;
;;;;;;;;;;;;;AMBULANTE;;;;;;;;
;;;;;de 30 a 80;;12;;;R$;13.253,00;;;;;;;;;;
;;;;;;;;;;;;;CABELEIREIRO;;;;;;;;
;;;;;de 30 a 80;;29;;;R$;22.740,40;;;;;;;;;;
;;;;;;;;;;;;;CORTE E COSTURA;;;;;;;;
;;;;;de 30 a 80;;1;;;R$;796,00;;;;;;;;;;
;;;;;;;;;;;;;MELIPONICULTURA;;;;;;;;
;;;;;de 30 a 80;;3;;;R$;3.548,00;;;;;;;;;;
;;;;;;;;;;;;;SALÃO;;;;;;;;
;;;;;Total;;50;;;R$;46.712,40;;;;;;;;;;
;;;;;;;;;;;;;;;;;;;;;
;;;;;;;954;;;;R$ 763.083,98;;;;;;;;;;
;;;;;;;;;;;;;;;;;;;;;
;;Quinta-feira 01 Outubro 2015;;;;;;;;;;;;;Page 17 of;;;; 51;;
;;;FEIJÓ;;;;;;;;;;;;;;;;;;
De 18 a 29;;;;;;;;;;;;;;;;;;;;;
;;;;;Faixa Etária;;;;Total Investido;;;;Ramo de Atividade;;;;;;;;
;;;;;de 18 a 29;;2;;;R$;3.932,00;;;;;;;;;;
;;;;;;;;;;;;;CABELEIREIRO;;;;;;;;
;;;;;de 18 a 29;;2;;;R$;3.400,00;;;;;;;;;;
;;;;;;;;;;;;;CAFÉ;;;;;;;;
;;;;;de 18 a 29;;1;;;R$;600,00;;;;;;;;;;
;;;;;;;;;;;;;CORTE E COSTURA;;;;;;;;
;;;;;de 18 a 29;;16;;;R$;10.398,00;;;;;;;;;;
;;;;;;;;;;;;;MANICURE;;;;;;;;
;;;;;de 18 a 29;;13;;;R$;5.372,00;;;;;;;;;;
;;;;;;;;;;;;;MELIPONICULTURA;;;;;;;;
;;;;;de 18 a 29;;6;;;R$;3.391,65;;;;;;;;;;
;;;;;;;;;;;;;PINTOR PREDIAL;;;;;;;;
;;;;;de 18 a 29;;2;;;R$;1.131,60;;;;;;;;;;
;;;;;;;;;;;;;PINTURA PREDIAL;;;;;;;;
;;;;;de 18 a 29;;2;;;R$;1.953,06;;;;;;;;;;
;;;;;;;;;;;;;ROCADOR;;;;;;;;
;;;;;de 18 a 29;;1;;;R$;1.907,99;;;;;;;;;;
;;;;;;;;;;;;;SALÃO;;;;;;;;
;;;;;Total;;45;;;R$;32.086,30;;;;;;;;;;
;;;;;;;;;;;;;;;;;;;;;
;;;;;;;999;;;;R$ 795.170,28;;;;;;;;;;
;;;;;;;;;;;;;;;;;;;;;
;;Quinta-feira 01 Outubro 2015;;;;;;;;;;;;;Page 18 of;;;; 51;;
;;;FEIJÓ;;;;;;;;;;;;;;;;;;
De 30 a...;;;;;;;;;;;;;;;;;;;;;
;;;;;Faixa Etária;;;;Total Investido;;;;Ramo de Atividade;;;;;;;;
;;;;;de 30 a 80;;1;;;R$;1.700,00;;;;;;;;;;
;;;;;;;;;;;;;AGRICULTURA;;;;;;;;
;;;;;de 30 a 80;;1;;;R$;2.058,98;;;;;;;;;;
;;;;;;;;;;;;;APICULTURA;;;;;;;;
;;;;;de 30 a 80;;16;;;R$;29.867,76;;;;;;;;;;
;;;;;;;;;;;;;CABELEIREIRO;;;;;;;;
;;;;;de 30 a 80;;14;;;R$;23.800,00;;;;;;;;;;
;;;;;;;;;;;;;CAFÉ;;;;;;;;
;;;;;de 30 a 80;;29;;;R$;18.831,25;;;;;;;;;;
;;;;;;;;;;;;;CORTE E COSTURA;;;;;;;;
;;;;;de 30 a 80;;22;;;R$;380,00;;;;;;;;;;
;;;;;;;;;;;;;HORTAS;;;;;;;;
;;;;;de 30 a 80;;2;;;R$;1.296,00;;;;;;;;;;
;;;;;;;;;;;;;MANICURE;;;;;;;;
;;;;;de 30 a 80;;91;;;R$;37.934,50;;;;;;;;;;
;;;;;;;;;;;;;MELIPONICULTURA;;;;;;;;
;;;;;de 30 a 80;;2;;;R$;1.175,30;;;;;;;;;;
;;;;;;;;;;;;;PINTOR PREDIAL;;;;;;;;
;;;;;de 30 a 80;;2;;;R$;1.125,30;;;;;;;;;;
;;;;;;;;;;;;;PINTURA PREDIAL;;;;;;;;
;;;;;de 30 a 80;;15;;;R$;15.086,82;;;;;;;;;;
;;;;;;;;;;;;;ROÇADOR;;;;;;;;
;;;;;de 30 a 80;;1;;;R$;1.686,00;;;;;;;;;;
;;;;;;;;;;;;;SALÃO;;;;;;;;
;;;;;de 30 a 80;;2;;;R$;2.550,00;;;;;;;;;;
;;;;;;;;;;;;;SALGADEIRO;;;;;;;;
;;;;;Total;;198;;;R$;137.491,91;;;;;;;;;;
;;;;;;;;;;;;;;;;;;;;;
;;;;;;;1197;;;;R$ 932.662,19;;;;;;;;;;
;;;;;;;;;;;;;;;;;;;;;
;;Quinta-feira 01 Outubro 2015;;;;;;;;;;;;;Page 19 of;;;; 51;;
;;;FEIJÓ;;;;;;;;;;;;;;;;;;
De 30 a...;;;;;;;;;;;;;;;;;;;;;
;;;;;Faixa Etária;;;;Total Investido;;;;Ramo de Atividade;;;;;;;;
;;;;;de 91 ...;;1;;;R$;450,00;;;;;;;;;;
;;;;;;;;;;;;;MELIPONICULTURA;;;;;;;;
;;;;;Total;;1;;;R$;450,00;;;;;;;;;;
;;;;;;;;;;;;;;;;;;;;;
;;;;;;;1198;;;;R$ 933.112,19;;;;;;;;;;
;;;;;;;;;;;;;;;;;;;;;
;;Quinta-feira 01 Outubro 2015;;;;;;;;;;;;;Page 20 of;;;; 51;;
;;;JORDÃO;;;;;;;;;;;;;;;;;;
De 18 a 29;;;;;;;;;;;;;;;;;;;;;
;;;;;Faixa Etária;;;;Total Investido;;;;Ramo de Atividade;;;;;;;;
;;;;;de 18 a 29;;1;;;R$;1.231,40;;;;;;;;;;
;;;;;;;;;;;;;AUXILIAR DE PEDREIRO;;;;;;;;
;;;;;de 18 a 29;;10;;;R$;16.727,04;;;;;;;;;;
;;;;;;;;;;;;;CABELEIREIRO;;;;;;;;
;;;;;de 18 a 29;;7;;;R$;5.153,70;;;;;;;;;;
;;;;;;;;;;;;;ELETRICISTA;;;;;;;;
;;;;;de 18 a 29;;1;;;R$;264,80;;;;;;;;;;
;;;;;;;;;;;;;MANICURE;;;;;;;;
;;;;;de 18 a 29;;5;;;R$;5.313,30;;;;;;;;;;
;;;;;;;;;;;;;MECÂNICA DE MOTOR DE EMBARCAÇÕES;;;;;;;;
;;;;;de 18 a 29;;13;;;R$;10.530,00;;;;;;;;;;
;;;;;;;;;;;;;MELIPONICULTURA;;;;;;;;
;;;;;de 18 a 29;;1;;;R$;4.029,00;;;;;;;;;;
;;;;;;;;;;;;;PANIFICAÇÃO;;;;;;;;
;;;;;de 18 a 29;;6;;;R$;6.034,68;;;;;;;;;;
;;;;;;;;;;;;;ROÇADOR;;;;;;;;
;;;;;de 18 a 29;;2;;;R$;1.713,10;;;;;;;;;;
;;;;;;;;;;;;;SALÃO;;;;;;;;
;;;;;Total;;46;;;R$;50.997,02;;;;;;;;;;
;;;;;;;;;;;;;;;;;;;;;
;;;;;;;1244;;;;R$ 984.109,21;;;;;;;;;;
;;;;;;;;;;;;;;;;;;;;;
;;Quinta-feira 01 Outubro 2015;;;;;;;;;;;;;Page 21 of;;;; 51;;
;;;JORDÃO;;;;;;;;;;;;;;;;;;
De 30 a...;;;;;;;;;;;;;;;;;;;;;
;;;;;Faixa Etária;;;;Total Investido;;;;Ramo de Atividade;;;;;;;;
;;;;;de 30 a 80;;1;;;R$;720,00;;;;;;;;;;
;;;;;;;;;;;;;AMBULANTE;;;;;;;;
;;;;;de 30 a 80;;2;;;R$;3.201,24;;;;;;;;;;
;;;;;;;;;;;;;CABELEIREIRO;;;;;;;;
;;;;;de 30 a 80;;14;;;R$;18.236,20;;;;;;;;;;
;;;;;;;;;;;;;CORTE E COSTURA;;;;;;;;
;;;;;de 30 a 80;;5;;;R$;3.258,95;;;;;;;;;;
;;;;;;;;;;;;;ELETRICISTA;;;;;;;;
;;;;;de 30 a 80;;1;;;R$;264,80;;;;;;;;;;
;;;;;;;;;;;;;MANICURE;;;;;;;;
;;;;;de 30 a 80;;7;;;R$;10.306,05;;;;;;;;;;
;;;;;;;;;;;;;MECÂNICA DE MOTOR DE EMBARCAÇÕES;;;;;;;;
;;;;;de 30 a 80;;16;;;R$;12.060,00;;;;;;;;;;
;;;;;;;;;;;;;MELIPONICULTURA;;;;;;;;
;;;;;de 30 a 80;;3;;;R$;5.175,80;;;;;;;;;;
;;;;;;;;;;;;;PANIFICAÇÃO;;;;;;;;
;;;;;de 30 a 80;;5;;;R$;5.778,15;;;;;;;;;;
;;;;;;;;;;;;;ROÇADOR;;;;;;;;
;;;;;Total;;54;;;R$;59.001,19;;;;;;;;;;
;;;;;;;;;;;;;;;;;;;;;
;;;;;;;1298;;;;R$ 1.043.110,40;;;;;;;;;;
;;;;;;;;;;;;;;;;;;;;;
;;Quinta-feira 01 Outubro 2015;;;;;;;;;;;;;Page 22 of;;;; 51;;
;;;MÂNCIO LIMA;;;;;;;;;;;;;;;;;;
De 18 a 29;;;;;;;;;;;;;;;;;;;;;
;;;;;Faixa Etária;;;;Total Investido;;;;Ramo de Atividade;;;;;;;;
;;;;;de 18 a 29;;2;;;R$;0,00;;;;;;;;;;
;;;;;;;;;;;;;HORTAS;;;;;;;;
;;;;;de 18 a 29;;20;;;R$;8.880,62;;;;;;;;;;
;;;;;;;;;;;;;MELIPONICULTURA;;;;;;;;
;;;;;de 18 a 29;;2;;;R$;497,20;;;;;;;;;;
;;;;;;;;;;;;;PEDREIRO;;;;;;;;
;;;;;de 18 a 29;;2;;;R$;1.953,06;;;;;;;;;;
;;;;;;;;;;;;;ROÇADOR;;;;;;;;
;;;;;Total;;26;;;R$;11.330,88;;;;;;;;;;
;;;;;;;;;;;;;;;;;;;;;
;;;;;;;1324;;;;R$ 1.054.441,28;;;;;;;;;;
;;;;;;;;;;;;;;;;;;;;;
;;Quinta-feira 01 Outubro 2015;;;;;;;;;;;;;Page 23 of;;;; 51;;
;;;MÂNCIO LIMA;;;;;;;;;;;;;;;;;;
De 30 a...;;;;;;;;;;;;;;;;;;;;;
;;;;;Faixa Etária;;;;Total Investido;;;;Ramo de Atividade;;;;;;;;
;;;;;de 30 a 80;;9;;;R$;0,00;;;;;;;;;;
;;;;;;;;;;;;;HORTAS;;;;;;;;
;;;;;de 30 a 80;;28;;;R$;9.452,50;;;;;;;;;;
;;;;;;;;;;;;;MELIPONICULTURA;;;;;;;;
;;;;;de 30 a 80;;3;;;R$;2.929,59;;;;;;;;;;
;;;;;;;;;;;;;ROÇADOR;;;;;;;;
;;;;;de 30 a 80;;4;;;R$;2.365,00;;;;;;;;;;
;;;;;;;;;;;;;SALGADEIRO;;;;;;;;
;;;;;Total;;44;;;R$;14.747,09;;;;;;;;;;
;;;;;;;;;;;;;;;;;;;;;
;;;;;;;1368;;;;R$ 1.069.188,37;;;;;;;;;;
;;;;;;;;;;;;;;;;;;;;;
;;Quinta-feira 01 Outubro 2015;;;;;;;;;;;;;Page 24 of;;;; 51;;
;;;MANOEL URBANO;;;;;;;;;;;;;;;;;;
De 18 a 29;;;;;;;;;;;;;;;;;;;;;
;;;;;Faixa Etária;;;;Total Investido;;;;Ramo de Atividade;;;;;;;;
;;;;;de 18 a 29;;3;;;R$;5.895,00;;;;;;;;;;
;;;;;;;;;;;;;CABELEIREIRO;;;;;;;;
;;;;;de 18 a 29;;2;;;R$;1.245,80;;;;;;;;;;
;;;;;;;;;;;;;CORTE E COSTURA;;;;;;;;
;;;;;de 18 a 29;;2;;;R$;0,00;;;;;;;;;;
;;;;;;;;;;;;;HORTAS;;;;;;;;
;;;;;de 18 a 29;;11;;;R$;6.490,00;;;;;;;;;;
;;;;;;;;;;;;;MANICURE;;;;;;;;
;;;;;de 18 a 29;;15;;;R$;12.699,50;;;;;;;;;;
;;;;;;;;;;;;;MELIPONICULTURA;;;;;;;;
;;;;;de 18 a 29;;10;;;R$;9.765,30;;;;;;;;;;
;;;;;;;;;;;;;ROÇADOR;;;;;;;;
;;;;;Total;;43;;;R$;36.095,60;;;;;;;;;;
;;;;;;;;;;;;;;;;;;;;;
;;;;;;;1411;;;;R$ 1.105.283,97;;;;;;;;;;
;;;;;;;;;;;;;;;;;;;;;
;;Quinta-feira 01 Outubro 2015;;;;;;;;;;;;;Page 25 of;;;; 51;;
;;;MANOEL URBANO;;;;;;;;;;;;;;;;;;
De 30 a...;;;;;;;;;;;;;;;;;;;;;
;;;;;Faixa Etária;;;;Total Investido;;;;Ramo de Atividade;;;;;;;;
;;;;;de 30 a 80;;1;;;R$;976,53;;;;;;;;;;
;;;;;;;;;;;;;AGRICULTURA;;;;;;;;
;;;;;de 30 a 80;;1;;;R$;840,80;;;;;;;;;;
;;;;;;;;;;;;;ARTESANATO ;;;;;;;;
;;;;;de 30 a 80;;15;;;R$;28.992,98;;;;;;;;;;
;;;;;;;;;;;;;CABELEIREIRO;;;;;;;;
;;;;;de 30 a 80;;10;;;R$;15.655,03;;;;;;;;;;
;;;;;;;;;;;;;CAFÉ;;;;;;;;
;;;;;de 30 a 80;;29;;;R$;23.258,60;;;;;;;;;;
;;;;;;;;;;;;;CORTE E COSTURA;;;;;;;;
;;;;;de 30 a 80;;2;;;R$;1.200,00;;;;;;;;;;
;;;;;;;;;;;;;DOCES E SALGADOS;;;;;;;;
;;;;;de 30 a 80;;1;;;R$;900,00;;;;;;;;;;
;;;;;;;;;;;;;FRIGORÍFICO;;;;;;;;
;;;;;de 30 a 80;;9;;;R$;10.476,94;;;;;;;;;;
;;;;;;;;;;;;;HORTAS;;;;;;;;
;;;;;de 30 a 80;;8;;;R$;4.428,40;;;;;;;;;;
;;;;;;;;;;;;;MANICURE;;;;;;;;
;;;;;de 30 a 80;;24;;;R$;15.196,00;;;;;;;;;;
;;;;;;;;;;;;;MELIPONICULTURA;;;;;;;;
;;;;;de 30 a 80;;8;;;R$;7.812,34;;;;;;;;;;
;;;;;;;;;;;;;ROÇADOR;;;;;;;;
;;;;;de 30 a 80;;1;;;R$;99,50;;;;;;;;;;
;;;;;;;;;;;;;SABÃO;;;;;;;;
;;;;;Total;;109;;;R$;109.837,12;;;;;;;;;;
;;;;;;;;;;;;;;;;;;;;;
;;;;;;;1520;;;;R$ 1.215.121,09;;;;;;;;;;
;;;;;;;;;;;;;;;;;;;;;
;;Quinta-feira 01 Outubro 2015;;;;;;;;;;;;;Page 26 of;;;; 51;;
;;;MARECHAL THAUMATURGO;;;;;;;;;;;;;;;;;;
De 18 a 29;;;;;;;;;;;;;;;;;;;;;
;;;;;Faixa Etária;;;;Total Investido;;;;Ramo de Atividade;;;;;;;;
;;;;;de 18 a 29;;1;;;R$;840,80;;;;;;;;;;
;;;;;;;;;;;;;CORTE E COSTURA;;;;;;;;
;;;;;de 18 a 29;;13;;;R$;8.752,40;;;;;;;;;;
;;;;;;;;;;;;;ELETRICISTA;;;;;;;;
;;;;;de 18 a 29;;1;;;R$;262,49;;;;;;;;;;
;;;;;;;;;;;;;ENCANADOR;;;;;;;;
;;;;;de 18 a 29;;9;;;R$;8.563,60;;;;;;;;;;
;;;;;;;;;;;;;MECÂNICA DE MOTOR DE EMBARCAÇÕES;;;;;;;;
;;;;;de 18 a 29;;3;;;R$;2.898,06;;;;;;;;;;
;;;;;;;;;;;;;ROÇADOR;;;;;;;;
;;;;;Total;;27;;;R$;21.317,35;;;;;;;;;;
;;;;;;;;;;;;;;;;;;;;;
;;;;;;;1547;;;;R$ 1.236.438,44;;;;;;;;;;
;;;;;;;;;;;;;;;;;;;;;
;;Quinta-feira 01 Outubro 2015;;;;;;;;;;;;;Page 27 of;;;; 51;;
;;;MARECHAL THAUMATURGO;;;;;;;;;;;;;;;;;;
De 30 a...;;;;;;;;;;;;;;;;;;;;;
;;;;;Faixa Etária;;;;Total Investido;;;;Ramo de Atividade;;;;;;;;
;;;;;de 30 a 80;;12;;;R$;11.669,40;;;;;;;;;;
;;;;;;;;;;;;;CORTE E COSTURA;;;;;;;;
;;;;;de 30 a 80;;5;;;R$;3.366,00;;;;;;;;;;
;;;;;;;;;;;;;ELETRICISTA;;;;;;;;
;;;;;de 30 a 80;;10;;;R$;9.834,00;;;;;;;;;;
;;;;;;;;;;;;;MECÂNICA DE MOTOR DE EMBARCAÇÕES;;;;;;;;
;;;;;de 30 a 80;;3;;;R$;2.929,59;;;;;;;;;;
;;;;;;;;;;;;;ROÇADOR;;;;;;;;
;;;;;Total;;30;;;R$;27.798,99;;;;;;;;;;
;;;;;;;;;;;;;;;;;;;;;
;;;;;;;1577;;;;R$ 1.264.237,43;;;;;;;;;;
;;;;;;;;;;;;;;;;;;;;;
;;Quinta-feira 01 Outubro 2015;;;;;;;;;;;;;Page 28 of;;;; 51;;
;;;PLÁCIDO DE CASTRO;;;;;;;;;;;;;;;;;;
De 18 a 29;;;;;;;;;;;;;;;;;;;;;
;;;;;Faixa Etária;;;;Total Investido;;;;Ramo de Atividade;;;;;;;;
;;;;;de 18 a 29;;2;;;R$;340,00;;;;;;;;;;
;;;;;;;;;;;;;AGRICULTURA;;;;;;;;
;;;;;de 18 a 29;;1;;;R$;710,00;;;;;;;;;;
;;;;;;;;;;;;;AMBULANTE;;;;;;;;
;;;;;de 18 a 29;;6;;;R$;7.850,00;;;;;;;;;;
;;;;;;;;;;;;;CORTE E COSTURA;;;;;;;;
;;;;;Total;;9;;;R$;8.900,00;;;;;;;;;;
;;;;;;;;;;;;;;;;;;;;;
;;;;;;;1586;;;;R$ 1.273.137,43;;;;;;;;;;
;;;;;;;;;;;;;;;;;;;;;
;;Quinta-feira 01 Outubro 2015;;;;;;;;;;;;;Page 29 of;;;; 51;;
;;;PLÁCIDO DE CASTRO;;;;;;;;;;;;;;;;;;
De 30 a...;;;;;;;;;;;;;;;;;;;;;
;;;;;Faixa Etária;;;;Total Investido;;;;Ramo de Atividade;;;;;;;;
;;;;;de 30 a 80;;12;;;R$;2.040,00;;;;;;;;;;
;;;;;;;;;;;;;AGRICULTURA;;;;;;;;
;;;;;de 30 a 80;;2;;;R$;1.110,00;;;;;;;;;;
;;;;;;;;;;;;;AMBULANTE;;;;;;;;
;;;;;de 30 a 80;;3;;;R$;3.863,84;;;;;;;;;;
;;;;;;;;;;;;;APICULTURA;;;;;;;;
;;;;;de 30 a 80;;1;;;R$;0,00;;;;;;;;;;
;;;;;;;;;;;;;CABELEIREIRO;;;;;;;;
;;;;;de 30 a 80;;8;;;R$;13.600,00;;;;;;;;;;
;;;;;;;;;;;;;CAFÉ;;;;;;;;
;;;;;de 30 a 80;;17;;;R$;24.547,80;;;;;;;;;;
;;;;;;;;;;;;;CORTE E COSTURA;;;;;;;;
;;;;;Total;;43;;;R$;45.161,64;;;;;;;;;;
;;;;;;;;;;;;;;;;;;;;;
;;;;;;;1629;;;;R$ 1.318.299,07;;;;;;;;;;
;;;;;;;;;;;;;;;;;;;;;
;;Quinta-feira 01 Outubro 2015;;;;;;;;;;;;;Page 30 of;;;; 51;;
;;;PORTO ACRE;;;;;;;;;;;;;;;;;;
De 18 a 29;;;;;;;;;;;;;;;;;;;;;
;;;;;Faixa Etária;;;;Total Investido;;;;Ramo de Atividade;;;;;;;;
;;;;;de 18 a 29;;2;;;R$;3.444,10;;;;;;;;;;
;;;;;;;;;;;;;CABELEIREIRO;;;;;;;;
;;;;;de 18 a 29;;1;;;R$;1.588,00;;;;;;;;;;
;;;;;;;;;;;;;CORTE E COSTURA;;;;;;;;
;;;;;de 18 a 29;;8;;;R$;2.528,00;;;;;;;;;;
;;;;;;;;;;;;;MANUTENÇÃO DE COMPUTADOR;;;;;;;;
;;;;;de 18 a 29;;2;;;R$;995,00;;;;;;;;;;
;;;;;;;;;;;;;MELIPONICULTURA;;;;;;;;
;;;;;de 18 a 29;;1;;;R$;909,00;;;;;;;;;;
;;;;;;;;;;;;;PEDREIRO;;;;;;;;
;;;;;de 18 a 29;;3;;;R$;2.727,00;;;;;;;;;;
;;;;;;;;;;;;;ROÇADOR;;;;;;;;
;;;;;Total;;17;;;R$;12.191,10;;;;;;;;;;
;;;;;;;;;;;;;;;;;;;;;
;;;;;;;1646;;;;R$ 1.330.490,17;;;;;;;;;;
;;;;;;;;;;;;;;;;;;;;;
;;Quinta-feira 01 Outubro 2015;;;;;;;;;;;;;Page 31 of;;;; 51;;
;;;PORTO ACRE;;;;;;;;;;;;;;;;;;
De 30 a...;;;;;;;;;;;;;;;;;;;;;
;;;;;Faixa Etária;;;;Total Investido;;;;Ramo de Atividade;;;;;;;;
;;;;;de 30 a 80;;3;;;R$;2.680,00;;;;;;;;;;
;;;;;;;;;;;;;AMBULANTE;;;;;;;;
;;;;;de 30 a 80;;8;;;R$;13.776,40;;;;;;;;;;
;;;;;;;;;;;;;CABELEIREIRO;;;;;;;;
;;;;;de 30 a 80;;14;;;R$;15.446,40;;;;;;;;;;
;;;;;;;;;;;;;CORTE E COSTURA;;;;;;;;
;;;;;de 30 a 80;;4;;;R$;4.535,00;;;;;;;;;;
;;;;;;;;;;;;;DOCES E SALGADOS;;;;;;;;
;;;;;de 30 a 80;;1;;;R$;262,49;;;;;;;;;;
;;;;;;;;;;;;;ENCANADOR;;;;;;;;
;;;;;de 30 a 80;;2;;;R$;16.797,30;;;;;;;;;;
;;;;;;;;;;;;;HORTAS;;;;;;;;
;;;;;de 30 a 80;;2;;;R$;632,00;;;;;;;;;;
;;;;;;;;;;;;;MANUTENÇÃO DE COMPUTADOR;;;;;;;;
;;;;;de 30 a 80;;15;;;R$;5.472,50;;;;;;;;;;
;;;;;;;;;;;;;MELIPONICULTURA;;;;;;;;
;;;;;de 30 a 80;;1;;;R$;909,00;;;;;;;;;;
;;;;;;;;;;;;;PEDREIRO;;;;;;;;
;;;;;de 30 a 80;;7;;;R$;6.363,00;;;;;;;;;;
;;;;;;;;;;;;;ROÇADOR;;;;;;;;
;;;;;Total;;57;;;R$;66.874,09;;;;;;;;;;
;;;;;;;;;;;;;;;;;;;;;
;;;;;;;1703;;;;R$ 1.397.364,26;;;;;;;;;;
;;;;;;;;;;;;;;;;;;;;;
;;Quinta-feira 01 Outubro 2015;;;;;;;;;;;;;Page 32 of;;;; 51;;
;;;PORTO WALTER;;;;;;;;;;;;;;;;;;
De 18 a 29;;;;;;;;;;;;;;;;;;;;;
;;;;;Faixa Etária;;;;Total Investido;;;;Ramo de Atividade;;;;;;;;
;;;;;de 18 a 29;;5;;;R$;8.610,25;;;;;;;;;;
;;;;;;;;;;;;;CABELEIREIRO;;;;;;;;
;;;;;de 18 a 29;;7;;;R$;1.853,60;;;;;;;;;;
;;;;;;;;;;;;;MANICURE;;;;;;;;
;;;;;de 18 a 29;;5;;;R$;6.157,00;;;;;;;;;;
;;;;;;;;;;;;;MECANICA DE MOTO;;;;;;;;
;;;;;de 18 a 29;;6;;;R$;597,00;;;;;;;;;;
;;;;;;;;;;;;;MELIPONICULTURA;;;;;;;;
;;;;;de 18 a 29;;7;;;R$;3.692,48;;;;;;;;;;
;;;;;;;;;;;;;PEDREIRO;;;;;;;;
;;;;;de 18 a 29;;8;;;R$;7.812,24;;;;;;;;;;
;;;;;;;;;;;;;ROÇADOR;;;;;;;;
;;;;;Total;;38;;;R$;28.722,57;;;;;;;;;;
;;;;;;;;;;;;;;;;;;;;;
;;;;;;;1741;;;;R$ 1.426.086,83;;;;;;;;;;
;;;;;;;;;;;;;;;;;;;;;
;;Quinta-feira 01 Outubro 2015;;;;;;;;;;;;;Page 33 of;;;; 51;;
;;;PORTO WALTER;;;;;;;;;;;;;;;;;;
De 30 a...;;;;;;;;;;;;;;;;;;;;;
;;;;;Faixa Etária;;;;Total Investido;;;;Ramo de Atividade;;;;;;;;
;;;;;de 30 a 80;;8;;;R$;13.776,40;;;;;;;;;;
;;;;;;;;;;;;;CABELEIREIRO;;;;;;;;
;;;;;de 30 a 80;;3;;;R$;794,40;;;;;;;;;;
;;;;;;;;;;;;;MANICURE;;;;;;;;
;;;;;de 30 a 80;;9;;;R$;11.390,60;;;;;;;;;;
;;;;;;;;;;;;;MECANICA DE MOTO;;;;;;;;
;;;;;de 30 a 80;;1;;;R$;180,00;;;;;;;;;;
;;;;;;;;;;;;;MELIPONICULTURA;;;;;;;;
;;;;;de 30 a 80;;10;;;R$;4.961,33;;;;;;;;;;
;;;;;;;;;;;;;PEDREIRO;;;;;;;;
;;;;;de 30 a 80;;6;;;R$;6.767,19;;;;;;;;;;
;;;;;;;;;;;;;ROÇADOR;;;;;;;;
;;;;;Total;;37;;;R$;37.869,92;;;;;;;;;;
;;;;;;;;;;;;;;;;;;;;;
;;;;;;;1778;;;;R$ 1.463.956,75;;;;;;;;;;
;;;;;;;;;;;;;;;;;;;;;
;;Quinta-feira 01 Outubro 2015;;;;;;;;;;;;;Page 34 of;;;; 51;;
;;;RIO BRANCO;;;;;;;;;;;;;;;;;;
De 18 a 29;;;;;;;;;;;;;;;;;;;;;
;;;;;Faixa Etária;;;;Total Investido;;;;Ramo de Atividade;;;;;;;;
;;;;;de 18 a 29;;3;;;R$;5.015,50;;;;;;;;;;
;;;;;;;;;;;;;AMBULANTE;;;;;;;;
;;;;;de 18 a 29;;1;;;R$;990,32;;;;;;;;;;
;;;;;;;;;;;;;AUXILIAR ADMINISTRATIVO;;;;;;;;
;;;;;de 18 a 29;;99;;;R$;140.959,37;;;;;;;;;;
;;;;;;;;;;;;;CABELEIREIRO;;;;;;;;
;;;;;de 18 a 29;;1;;;R$;844,48;;;;;;;;;;
;;;;;;;;;;;;;CADISTA PARA CONSTRUÇÃO CIVIL;;;;;;;;
;;;;;de 18 a 29;;1;;;R$;969,00;;;;;;;;;;
;;;;;;;;;;;;;CONZINHEIRA;;;;;;;;
;;;;;de 18 a 29;;51;;;R$;57.472,20;;;;;;;;;;
;;;;;;;;;;;;;CORTE E COSTURA;;;;;;;;
;;;;;de 18 a 29;;1;;;R$;638,00;;;;;;;;;;
;;;;;;;;;;;;;DOCES E SALGADOS;;;;;;;;
;;;;;de 18 a 29;;9;;;R$;6.974,05;;;;;;;;;;
;;;;;;;;;;;;;ELETRICISTA;;;;;;;;
;;;;;de 18 a 29;;1;;;R$;770,70;;;;;;;;;;
;;;;;;;;;;;;;ELETRICISTA PREDIAL;;;;;;;;
;;;;;de 18 a 29;;1;;;R$;262,49;;;;;;;;;;
;;;;;;;;;;;;;ENCANADOR;;;;;;;;
;;;;;de 18 a 29;;33;;;R$;12.539,44;;;;;;;;;;
;;;;;;;;;;;;;MANICURE;;;;;;;;
;;;;;de 18 a 29;;2;;;R$;632,00;;;;;;;;;;
;;;;;;;;;;;;;MANUTENÇÃO DE COMPUTADOR;;;;;;;;
;;;;;de 18 a 29;;4;;;R$;2.952,59;;;;;;;;;;
;;;;;;;;;;;;;MECANICA DE MOTO;;;;;;;;
;;;;;de 18 a 29;;10;;;R$;1.194,00;;;;;;;;;;
;;;;;;;;;;;;;MELIPONICULTURA;;;;;;;;
;;;;;de 18 a 29;;1;;;R$;4.554,00;;;;;;;;;;
;;;;;;;;;;;;;PANIFICAÇÃO;;;;;;;;
;;;;;de 18 a 29;;5;;;R$;2.653,63;;;;;;;;;;
;;;;;;;;;;;;;PEDREIRO;;;;;;;;
;;;;;de 18 a 29;;4;;;R$;2.350,60;;;;;;;;;;
;;;;;;;;;;;;;PINTOR PREDIAL;;;;;;;;
;;;;;de 18 a 29;;15;;;R$;5.716,25;;;;;;;;;;
;;;;;;;;;;;;;PINTURA PREDIAL;;;;;;;;
;;;;;de 18 a 29;;2;;;R$;884,96;;;;;;;;;;
;;;;;;;;;;;;;PRODUÇÃO DE ALIMENTO;;;;;;;;
;;;;;de 18 a 29;;25;;;R$;25.599,13;;;;;;;;;;
;;;;;;;;;;;;;ROÇADOR;;;;;;;;
;;;;;de 18 a 29;;12;;;R$;14.256,15;;;;;;;;;;
;;;;;;;;;;;;;SALÃO;;;;;;;;
;;;;;Total;;281;;;R$;288.228,86;;;;;;;;;;
;;;;;;;;;;;;;;;;;;;;;
;;;;;;;2059;;;;R$ 1.752.185,61;;;;;;;;;;
;;;;;;;;;;;;;;;;;;;;;
;;Quinta-feira 01 Outubro 2015;;;;;;;;;;;;;Page 35 of;;;; 51;;
;;;RIO BRANCO;;;;;;;;;;;;;;;;;;
De 30 a...;;;;;;;;;;;;;;;;;;;;;
;;;;;Faixa Etária;;;;Total Investido;;;;Ramo de Atividade;;;;;;;;
;;;;;de 30 a 80;;3;;;R$;3.048,00;;;;;;;;;;
;;;;;;;;;;;;;ALIMENTAÇÃO;;;;;;;;
;;;;;de 30 a 80;;53;;;R$;57.043,21;;;;;;;;;;
;;;;;;;;;;;;;AMBULANTE;;;;;;;;
;;;;;de 30 a 80;;5;;;R$;4.919,87;;;;;;;;;;
;;;;;;;;;;;;;APICULTURA;;;;;;;;
;;;;;de 30 a 80;;1;;;R$;1.980,20;;;;;;;;;;
;;;;;;;;;;;;;APICULTURA/MELIPONICULTURA;;;;;;;;
;;;;;de 30 a 80;;6;;;R$;22.118,96;;;;;;;;;;
;;;;;;;;;;;;;ARTESANATO ;;;;;;;;
;;;;;de 30 a 80;;1;;;R$;1.588,00;;;;;;;;;;
;;;;;;;;;;;;;ARTESAO DE PINTURA EM TECIDO;;;;;;;;
;;;;;de 30 a 80;;2;;;R$;1.687,50;;;;;;;;;;
;;;;;;;;;;;;;AUXILIAR ADMINISTRATIVO;;;;;;;;
;;;;;de 30 a 80;;2;;;R$;3.668,00;;;;;;;;;;
;;;;;;;;;;;;;AUXILIAR DE COZINHA;;;;;;;;
;;;;;de 30 a 80;;200;;;R$;288.664,56;;;;;;;;;;
;;;;;;;;;;;;;CABELEIREIRO;;;;;;;;
;;;;;de 30 a 80;;2;;;R$;2.864,50;;;;;;;;;;
;;;;;;;;;;;;;CHURRASQUEIRO;;;;;;;;
;;;;;de 30 a 80;;3;;;R$;3.106,03;;;;;;;;;;
;;;;;;;;;;;;;CONVÊNIOS;;;;;;;;
;;;;;de 30 a 80;;1;;;R$;769,00;;;;;;;;;;
;;;;;;;;;;;;;CONZINHEIRA;;;;;;;;
;;;;;de 30 a 80;;562;;;R$;709.079,81;;;;;;;;;;
;;;;;;;;;;;;;CORTE E COSTURA;;;;;;;;
;;;;;de 30 a 80;;1;;;R$;805,00;;;;;;;;;;
;;;;;;;;;;;;;COZINHERO;;;;;;;;
;;;;;de 30 a 80;;1;;;R$;757,00;;;;;;;;;;
;;;;;;;;;;;;;DEPILADORA;;;;;;;;
;;;;;de 30 a 80;;34;;;R$;46.207,00;;;;;;;;;;
;;;;;;;;;;;;;DOCES E SALGADOS;;;;;;;;
;;;;;de 30 a 80;;18;;;R$;13.657,20;;;;;;;;;;
;;;;;;;;;;;;;ELETRICISTA;;;;;;;;
;;;;;de 30 a 80;;1;;;R$;805,00;;;;;;;;;;
;;;;;;;;;;;;;ESTILISTA;;;;;;;;
;;;;;de 30 a 80;;6;;;R$;50.272,91;;;;;;;;;;
;;;;;;;;;;;;;HORTAS;;;;;;;;
;;;;;de 30 a 80;;65;;;R$;26.464,76;;;;;;;;;;
;;;;;;;;;;;;;MANICURE;;;;;;;;
;;;;;de 30 a 80;;2;;;R$;1.280,00;;;;;;;;;;
;;;;;;;;;;;;;MANIPULAÇAO DE ALIMENTOS/AMBULANTE.;;;;;;;;
;;;;;;;;;;;;;;;;;;;;;
;;;;;de 30 a 80;;7;;;R$;5.918,56;;;;;;;;;;
;;;;;;;;;;;;;MECANICA DE MOTO;;;;;;;;
;;;;;de 30 a 80;;1;;;R$;936,40;;;;;;;;;;
;;;;;;;;;;;;;MECÂNICA DE MOTOR DE EMBARCAÇÕES;;;;;;;;
;;;;;de 30 a 80;;72;;;R$;14.129,00;;;;;;;;;;
;;;;;;;;;;;;;MELIPONICULTURA;;;;;;;;
;;;;;de 30 a 80;;1;;;R$;570,00;;;;;;;;;;
;;;;;;;;;;;;;ORGANIZAÇÃO DE EVENTOS;;;;;;;;
;;;;;de 30 a 80;;3;;;R$;4.386,00;;;;;;;;;;
;;;;;;;;;;;;;PANIFICAÇÃO;;;;;;;;
;;;;;de 30 a 80;;35;;;R$;12.063,76;;;;;;;;;;
;;;;;;;;;;;;;PEDREIRO;;;;;;;;
;;;;;de 30 a 80;;11;;;R$;6.849,20;;;;;;;;;;
;;;;;;;;;;;;;PINTOR PREDIAL;;;;;;;;
;;;;;de 30 a 80;;12;;;R$;6.009,70;;;;;;;;;;
;;;;;;;;;;;;;PINTURA PREDIAL;;;;;;;;
;;;;;de 30 a 80;;3;;;R$;6.196,44;;;;;;;;;;
;;;;;;;;;;;;;PROFISSIONAL LIBERAL/ AUTÔNOMO ;;;;;;;;
;;;;;de 30 a 80;;101;;;R$;112.673,45;;;;;;;;;;
;;;;;;;;;;;;;ROÇADOR;;;;;;;;
;;;;;de 30 a 80;;32;;;R$;41.458,54;;;;;;;;;;
;;;;;;;;;;;;;SALÃO;;;;;;;;
;;;;;de 30 a 80;;2;;;R$;2.017,00;;;;;;;;;;
;;;;;;;;;;;;;SALGADEIRO;;;;;;;;
;;;;;de 30 a 80;;1;;;R$;2.895,00;;;;;;;;;;
;;;;;;;;;;;;;SERRALHEIRO;;;;;;;;
;;;;;de 30 a 80;;1;;;R$;1.595,00;;;;;;;;;;
;;;;;;;;;;;;;TAPECARIA;;;;;;;;
;;;;;Total;;1251;;;R$;1.458.484,56;;;;;;;;;;
;;;;;;;;;;;;;;;;;;;;;
;;;;;;;3310;;;;R$ 3.210.670,17;;;;;;;;;;
;;;;;;;;;;;;;;;;;;;;;
;;Quinta-feira 01 Outubro 2015;;;;;;;;;;;;;Page 36 of;;;; 51;;
;;;RIO BRANCO;;;;;;;;;;;;;;;;;;
De 30 a...;;;;;;;;;;;;;;;;;;;;;
;;;;;Faixa Etária;;;;Total Investido;;;;Ramo de Atividade;;;;;;;;
;;;;;de 81 a 90;;1;;;R$;90,00;;;;;;;;;;
;;;;;;;;;;;;;ARTESANATO ;;;;;;;;
;;;;;Total;;1;;;R$;90,00;;;;;;;;;;
;;;;;;;;;;;;;;;;;;;;;
;;;;;;;3311;;;;R$ 3.210.760,17;;;;;;;;;;
;;;;;;;;;;;;;;;;;;;;;
;;Quinta-feira 01 Outubro 2015;;;;;;;;;;;;;Page 37 of;;;; 51;;
;;;RIO BRANCO;;;;;;;;;;;;;;;;;;
De 30 a...;;;;;;;;;;;;;;;;;;;;;
;;;;;Faixa Etária;;;;Total Investido;;;;Ramo de Atividade;;;;;;;;
;;;;;de 91 ...;;1;;;R$;2.016,00;;;;;;;;;;
;;;;;;;;;;;;;CABELEIREIRO;;;;;;;;
;;;;;de 91 ...;;1;;;R$;1.025,33;;;;;;;;;;
;;;;;;;;;;;;;ROÇADOR;;;;;;;;
;;;;;Total;;2;;;R$;3.041,33;;;;;;;;;;
;;;;;;;;;;;;;;;;;;;;;
;;;;;;;3313;;;;R$ 3.213.801,50;;;;;;;;;;
;;;;;;;;;;;;;;;;;;;;;
;;Quinta-feira 01 Outubro 2015;;;;;;;;;;;;;Page 38 of;;;; 51;;
;;;RODRIGUES ALVES;;;;;;;;;;;;;;;;;;
De 18 a 29;;;;;;;;;;;;;;;;;;;;;
;;;;;Faixa Etária;;;;Total Investido;;;;Ramo de Atividade;;;;;;;;
;;;;;de 18 a 29;;8;;;R$;0,00;;;;;;;;;;
;;;;;;;;;;;;;HORTAS;;;;;;;;
;;;;;de 18 a 29;;3;;;R$;1.039,50;;;;;;;;;;
;;;;;;;;;;;;;MANICURE;;;;;;;;
;;;;;de 18 a 29;;52;;;R$;5.580,50;;;;;;;;;;
;;;;;;;;;;;;;MELIPONICULTURA;;;;;;;;
;;;;;de 18 a 29;;1;;;R$;1.081,58;;;;;;;;;;
;;;;;;;;;;;;;ROÇADOR;;;;;;;;
;;;;;Total;;64;;;R$;7.701,58;;;;;;;;;;
;;;;;;;;;;;;;;;;;;;;;
;;;;;;;3377;;;;R$ 3.221.503,08;;;;;;;;;;
;;;;;;;;;;;;;;;;;;;;;
;;Quinta-feira 01 Outubro 2015;;;;;;;;;;;;;Page 39 of;;;; 51;;
;;;RODRIGUES ALVES;;;;;;;;;;;;;;;;;;
De 30 a...;;;;;;;;;;;;;;;;;;;;;
;;;;;Faixa Etária;;;;Total Investido;;;;Ramo de Atividade;;;;;;;;
;;;;;de 30 a 80;;1;;;R$;346,50;;;;;;;;;;
;;;;;;;;;;;;;CABELEIREIRO;;;;;;;;
;;;;;de 30 a 80;;3;;;R$;0,00;;;;;;;;;;
;;;;;;;;;;;;;HORTAS;;;;;;;;
;;;;;de 30 a 80;;1;;;R$;346,50;;;;;;;;;;
;;;;;;;;;;;;;MANICURE;;;;;;;;
;;;;;de 30 a 80;;45;;;R$;5.310,00;;;;;;;;;;
;;;;;;;;;;;;;MELIPONICULTURA;;;;;;;;
;;;;;de 30 a 80;;1;;;R$;264,70;;;;;;;;;;
;;;;;;;;;;;;;PEDREIRO;;;;;;;;
;;;;;de 30 a 80;;9;;;R$;9.734,22;;;;;;;;;;
;;;;;;;;;;;;;ROÇADOR;;;;;;;;
;;;;;Total;;60;;;R$;16.001,92;;;;;;;;;;
;;;;;;;;;;;;;;;;;;;;;
;;;;;;;3437;;;;R$ 3.237.505,00;;;;;;;;;;
;;;;;;;;;;;;;;;;;;;;;
;;Quinta-feira 01 Outubro 2015;;;;;;;;;;;;;Page 40 of;;;; 51;;
;;;SANTA ROSA;;;;;;;;;;;;;;;;;;
De 18 a 29;;;;;;;;;;;;;;;;;;;;;
;;;;;Faixa Etária;;;;Total Investido;;;;Ramo de Atividade;;;;;;;;
;;;;;de 18 a 29;;10;;;R$;2.916,40;;;;;;;;;;
;;;;;;;;;;;;;ELETRICISTA;;;;;;;;
;;;;;de 18 a 29;;3;;;R$;1.737,87;;;;;;;;;;
;;;;;;;;;;;;;MECÂNICA DE MOTOR DE EMBARCAÇÕES;;;;;;;;
;;;;;de 18 a 29;;22;;;R$;9.900,00;;;;;;;;;;
;;;;;;;;;;;;;MELIPONICULTURA;;;;;;;;
;;;;;de 18 a 29;;2;;;R$;1.916,07;;;;;;;;;;
;;;;;;;;;;;;;ROÇADOR;;;;;;;;
;;;;;Total;;37;;;R$;16.470,34;;;;;;;;;;
;;;;;;;;;;;;;;;;;;;;;
;;;;;;;3474;;;;R$ 3.253.975,34;;;;;;;;;;
;;;;;;;;;;;;;;;;;;;;;
;;Quinta-feira 01 Outubro 2015;;;;;;;;;;;;;Page 41 of;;;; 51;;
;;;SANTA ROSA;;;;;;;;;;;;;;;;;;
De 30 a...;;;;;;;;;;;;;;;;;;;;;
;;;;;Faixa Etária;;;;Total Investido;;;;Ramo de Atividade;;;;;;;;
;;;;;de 30 a 80;;1;;;R$;775,00;;;;;;;;;;
;;;;;;;;;;;;;AMBULANTE;;;;;;;;
;;;;;de 30 a 80;;7;;;R$;7.587,33;;;;;;;;;;
;;;;;;;;;;;;;CORTE E COSTURA;;;;;;;;
;;;;;de 30 a 80;;4;;;R$;1.196,16;;;;;;;;;;
;;;;;;;;;;;;;ELETRICISTA;;;;;;;;
;;;;;de 30 a 80;;12;;;R$;6.952,08;;;;;;;;;;
;;;;;;;;;;;;;MECÂNICA DE MOTOR DE EMBARCAÇÕES;;;;;;;;
;;;;;de 30 a 80;;27;;;R$;12.150,00;;;;;;;;;;
;;;;;;;;;;;;;MELIPONICULTURA;;;;;;;;
;;;;;de 30 a 80;;7;;;R$;6.835,71;;;;;;;;;;
;;;;;;;;;;;;;ROÇADOR;;;;;;;;
;;;;;Total;;58;;;R$;35.496,28;;;;;;;;;;
;;;;;;;;;;;;;;;;;;;;;
;;;;;;;3532;;;;R$ 3.289.471,62;;;;;;;;;;
;;;;;;;;;;;;;;;;;;;;;
;;Quinta-feira 01 Outubro 2015;;;;;;;;;;;;;Page 42 of;;;; 51;;
;;;SENA MADUREIRA;;;;;;;;;;;;;;;;;;
De 18 a 29;;;;;;;;;;;;;;;;;;;;;
;;;;;Faixa Etária;;;;Total Investido;;;;Ramo de Atividade;;;;;;;;
;;;;;de 18 a 29;;1;;;R$;380,00;;;;;;;;;;
;;;;;;;;;;;;;AMBULANTE;;;;;;;;
;;;;;de 18 a 29;;9;;;R$;14.517,90;;;;;;;;;;
;;;;;;;;;;;;;CABELEIREIRO;;;;;;;;
;;;;;de 18 a 29;;4;;;R$;3.965,40;;;;;;;;;;
;;;;;;;;;;;;;CORTE E COSTURA;;;;;;;;
;;;;;de 18 a 29;;1;;;R$;358,00;;;;;;;;;;
;;;;;;;;;;;;;DOCES E SALGADOS;;;;;;;;
;;;;;de 18 a 29;;4;;;R$;2.693,20;;;;;;;;;;
;;;;;;;;;;;;;ELETRICISTA;;;;;;;;
;;;;;de 18 a 29;;3;;;R$;0,00;;;;;;;;;;
;;;;;;;;;;;;;HORTAS;;;;;;;;
;;;;;de 18 a 29;;1;;;R$;936,40;;;;;;;;;;
;;;;;;;;;;;;;MECANICA DE MOTO;;;;;;;;
;;;;;de 18 a 29;;5;;;R$;4.682,00;;;;;;;;;;
;;;;;;;;;;;;;MECÂNICA DE MOTOR DE EMBARCAÇÕES;;;;;;;;
;;;;;de 18 a 29;;16;;;R$;2.387,50;;;;;;;;;;
;;;;;;;;;;;;;MELIPONICULTURA;;;;;;;;
;;;;;de 18 a 29;;1;;;R$;11.115,00;;;;;;;;;;
;;;;;;;;;;;;;PANIFICAÇÃO;;;;;;;;
;;;;;de 18 a 29;;1;;;R$;1.011,63;;;;;;;;;;
;;;;;;;;;;;;;ROÇADOR;;;;;;;;
;;;;;Total;;46;;;R$;42.047,03;;;;;;;;;;
;;;;;;;;;;;;;;;;;;;;;
;;;;;;;3578;;;;R$ 3.331.518,65;;;;;;;;;;
;;;;;;;;;;;;;;;;;;;;;
;;Quinta-feira 01 Outubro 2015;;;;;;;;;;;;;Page 43 of;;;; 51;;
;;;SENA MADUREIRA;;;;;;;;;;;;;;;;;;
De 30 a...;;;;;;;;;;;;;;;;;;;;;
;;;;;Faixa Etária;;;;Total Investido;;;;Ramo de Atividade;;;;;;;;
;;;;;de 30 a 80;;6;;;R$;6.538,00;;;;;;;;;;
;;;;;;;;;;;;;AMBULANTE;;;;;;;;
;;;;;de 30 a 80;;12;;;R$;16.018,00;;;;;;;;;;
;;;;;;;;;;;;;CABELEIREIRO;;;;;;;;
;;;;;de 30 a 80;;15;;;R$;13.655,20;;;;;;;;;;
;;;;;;;;;;;;;CORTE E COSTURA;;;;;;;;
;;;;;de 30 a 80;;12;;;R$;10.163,00;;;;;;;;;;
;;;;;;;;;;;;;DOCES E SALGADOS;;;;;;;;
;;;;;de 30 a 80;;4;;;R$;2.691,85;;;;;;;;;;
;;;;;;;;;;;;;ELETRICISTA;;;;;;;;
;;;;;de 30 a 80;;9;;;R$;1.320,64;;;;;;;;;;
;;;;;;;;;;;;;HORTAS;;;;;;;;
;;;;;de 30 a 80;;6;;;R$;5.618,40;;;;;;;;;;
;;;;;;;;;;;;;MECÂNICA DE MOTOR DE EMBARCAÇÕES;;;;;;;;
;;;;;de 30 a 80;;31;;;R$;5.533,00;;;;;;;;;;
;;;;;;;;;;;;;MELIPONICULTURA;;;;;;;;
;;;;;de 30 a 80;;3;;;R$;33.864,00;;;;;;;;;;
;;;;;;;;;;;;;PANIFICAÇÃO;;;;;;;;
;;;;;de 30 a 80;;1;;;R$;317,78;;;;;;;;;;
;;;;;;;;;;;;;PEDREIRO;;;;;;;;
;;;;;de 30 a 80;;15;;;R$;16.146,35;;;;;;;;;;
;;;;;;;;;;;;;ROÇADOR;;;;;;;;
;;;;;de 30 a 80;;1;;;R$;1.275,00;;;;;;;;;;
;;;;;;;;;;;;;SALGADEIRO;;;;;;;;
;;;;;Total;;115;;;R$;113.141,22;;;;;;;;;;
;;;;;;;;;;;;;;;;;;;;;
;;;;;;;3693;;;;R$ 3.444.659,87;;;;;;;;;;
;;;;;;;;;;;;;;;;;;;;;
;;Quinta-feira 01 Outubro 2015;;;;;;;;;;;;;Page 44 of;;;; 51;;
;;;SENA MADUREIRA;;;;;;;;;;;;;;;;;;
De 30 a...;;;;;;;;;;;;;;;;;;;;;
;;;;;Faixa Etária;;;;Total Investido;;;;Ramo de Atividade;;;;;;;;
;;;;;de 91 ...;;1;;;R$;710,00;;;;;;;;;;
;;;;;;;;;;;;;DOCES E SALGADOS;;;;;;;;
;;;;;Total;;1;;;R$;710,00;;;;;;;;;;
;;;;;;;;;;;;;;;;;;;;;
;;;;;;;3694;;;;R$ 3.445.369,87;;;;;;;;;;
;;;;;;;;;;;;;;;;;;;;;
;;Quinta-feira 01 Outubro 2015;;;;;;;;;;;;;Page 45 of;;;; 51;;
;;;SENADOR GUIOMARD;;;;;;;;;;;;;;;;;;
De 18 a 29;;;;;;;;;;;;;;;;;;;;;
;;;;;Faixa Etária;;;;Total Investido;;;;Ramo de Atividade;;;;;;;;
;;;;;de 18 a 29;;1;;;R$;1.722,05;;;;;;;;;;
;;;;;;;;;;;;;CABELEIREIRO;;;;;;;;
;;;;;de 18 a 29;;3;;;R$;944,88;;;;;;;;;;
;;;;;;;;;;;;;MANICURE;;;;;;;;
;;;;;de 18 a 29;;3;;;R$;3.111,39;;;;;;;;;;
;;;;;;;;;;;;;ROÇADOR;;;;;;;;
;;;;;Total;;7;;;R$;5.778,32;;;;;;;;;;
;;;;;;;;;;;;;;;;;;;;;
;;;;;;;3701;;;;R$ 3.451.148,19;;;;;;;;;;
;;;;;;;;;;;;;;;;;;;;;
;;Quinta-feira 01 Outubro 2015;;;;;;;;;;;;;Page 46 of;;;; 51;;
;;;SENADOR GUIOMARD;;;;;;;;;;;;;;;;;;
De 30 a...;;;;;;;;;;;;;;;;;;;;;
;;;;;Faixa Etária;;;;Total Investido;;;;Ramo de Atividade;;;;;;;;
;;;;;de 30 a 80;;1;;;R$;1.238,30;;;;;;;;;;
;;;;;;;;;;;;;AGRICULTURA;;;;;;;;
;;;;;de 30 a 80;;3;;;R$;5.166,15;;;;;;;;;;
;;;;;;;;;;;;;CABELEIREIRO;;;;;;;;
;;;;;de 30 a 80;;2;;;R$;3.064,00;;;;;;;;;;
;;;;;;;;;;;;;DOCES E SALGADOS;;;;;;;;
;;;;;de 30 a 80;;2;;;R$;629,92;;;;;;;;;;
;;;;;;;;;;;;;MANICURE;;;;;;;;
;;;;;de 30 a 80;;16;;;R$;16.167,98;;;;;;;;;;
;;;;;;;;;;;;;ROÇADOR;;;;;;;;
;;;;;Total;;24;;;R$;26.266,35;;;;;;;;;;
;;;;;;;;;;;;;;;;;;;;;
;;;;;;;3725;;;;R$ 3.477.414,54;;;;;;;;;;
;;;;;;;;;;;;;;;;;;;;;
;;Quinta-feira 01 Outubro 2015;;;;;;;;;;;;;Page 47 of;;;; 51;;
;;;TARAUACÁ;;;;;;;;;;;;;;;;;;
De 18 a 29;;;;;;;;;;;;;;;;;;;;;
;;;;;Faixa Etária;;;;Total Investido;;;;Ramo de Atividade;;;;;;;;
;;;;;de 18 a 29;;13;;;R$;21.918,00;;;;;;;;;;
;;;;;;;;;;;;;CABELEIREIRO;;;;;;;;
;;;;;de 18 a 29;;1;;;R$;840,80;;;;;;;;;;
;;;;;;;;;;;;;CORTE E COSTURA;;;;;;;;
;;;;;de 18 a 29;;11;;;R$;3.811,00;;;;;;;;;;
;;;;;;;;;;;;;MANICURE;;;;;;;;
;;;;;de 18 a 29;;9;;;R$;2.250,00;;;;;;;;;;
;;;;;;;;;;;;;MELIPONICULTURA;;;;;;;;
;;;;;Total;;34;;;R$;28.819,80;;;;;;;;;;
;;;;;;;;;;;;;;;;;;;;;
;;;;;;;3759;;;;R$ 3.506.234,34;;;;;;;;;;
;;;;;;;;;;;;;;;;;;;;;
;;Quinta-feira 01 Outubro 2015;;;;;;;;;;;;;Page 48 of;;;; 51;;
;;;TARAUACÁ;;;;;;;;;;;;;;;;;;
De 30 a...;;;;;;;;;;;;;;;;;;;;;
;;;;;Faixa Etária;;;;Total Investido;;;;Ramo de Atividade;;;;;;;;
;;;;;de 30 a 80;;5;;;R$;8.430,00;;;;;;;;;;
;;;;;;;;;;;;;CABELEIREIRO;;;;;;;;
;;;;;de 30 a 80;;11;;;R$;13.960,60;;;;;;;;;;
;;;;;;;;;;;;;CORTE E COSTURA;;;;;;;;
;;;;;de 30 a 80;;5;;;R$;6.375,00;;;;;;;;;;
;;;;;;;;;;;;;DOCES E SALGADOS;;;;;;;;
;;;;;de 30 a 80;;7;;;R$;2.425,50;;;;;;;;;;
;;;;;;;;;;;;;MANICURE;;;;;;;;
;;;;;de 30 a 80;;33;;;R$;9.175,00;;;;;;;;;;
;;;;;;;;;;;;;MELIPONICULTURA;;;;;;;;
;;;;;Total;;61;;;R$;40.366,10;;;;;;;;;;
;;;;;;;;;;;;;;;;;;;;;
;;;;;;;3820;;;;R$ 3.546.600,44;;;;;;;;;;
;;;;;;;;;;;;;;;;;;;;;
;;Quinta-feira 01 Outubro 2015;;;;;;;;;;;;;Page 49 of;;;; 51;;
;;;XAPURI;;;;;;;;;;;;;;;;;;
De 18 a 29;;;;;;;;;;;;;;;;;;;;;
;;;;;Faixa Etária;;;;Total Investido;;;;Ramo de Atividade;;;;;;;;
;;;;;de 18 a 29;;21;;;R$;35.748,18;;;;;;;;;;
;;;;;;;;;;;;;CABELEIREIRO;;;;;;;;
;;;;;de 18 a 29;;6;;;R$;1.588,80;;;;;;;;;;
;;;;;;;;;;;;;MANICURE;;;;;;;;
;;;;;de 18 a 29;;9;;;R$;7.400,50;;;;;;;;;;
;;;;;;;;;;;;;MELIPONICULTURA;;;;;;;;
;;;;;de 18 a 29;;1;;;R$;1.046,48;;;;;;;;;;
;;;;;;;;;;;;;ROÇADOR;;;;;;;;
;;;;;Total;;37;;;R$;45.783,96;;;;;;;;;;
;;;;;;;;;;;;;;;;;;;;;
;;;;;;;3857;;;;R$ 3.592.384,40;;;;;;;;;;
;;;;;;;;;;;;;;;;;;;;;
;;Quinta-feira 01 Outubro 2015;;;;;;;;;;;;;Page 50 of;;;; 51;;
;;;XAPURI;;;;;;;;;;;;;;;;;;
De 30 a...;;;;;;;;;;;;;;;;;;;;;
;;;;;Faixa Etária;;;;Total Investido;;;;Ramo de Atividade;;;;;;;;
;;;;;de 30 a 80;;16;;;R$;26.095,68;;;;;;;;;;
;;;;;;;;;;;;;CABELEIREIRO;;;;;;;;
;;;;;de 30 a 80;;1;;;R$;805,00;;;;;;;;;;
;;;;;;;;;;;;;CORTE E COSTURA;;;;;;;;
;;;;;de 30 a 80;;7;;;R$;1.853,60;;;;;;;;;;
;;;;;;;;;;;;;MANICURE;;;;;;;;
;;;;;de 30 a 80;;28;;;R$;15.621,00;;;;;;;;;;
;;;;;;;;;;;;;MELIPONICULTURA;;;;;;;;
;;;;;de 30 a 80;;3;;;R$;5.719,00;;;;;;;;;;
;;;;;;;;;;;;;PANIFICAÇÃO;;;;;;;;
;;;;;Total;;55;;;R$;50.094,28;;;;;;;;;;
;;;;;;;;;;;;;;;;;;;;;
;;;;;;;3912;;;;R$ 3.642.478,68;;;;;;;;;;
;;;;;;;;;;;;;;;;;;;;;
;;Quinta-feira 01 Outubro 2015;;;;;;;;;;;;;Page 51 of;;;; 51;;
